Factors,RMSE
60,0.23616203
68,0.235905602
76,0.235847039
84,0.235809534
92,0.235758087
100,0.235645632
108,0.235585211
116,0.235529082
124,0.235483305
132,0.235386916
