RMSE,Factors
"	0.0007025063026419",20
"	0.0010325989593890",40
"	0.001242680450662",60
"	0.0014727696414762",80
"	0.001572269935518525",100
"	0.0017430042913628",120
