RMSE,Learning
"	0.0081967908059717",0.002
"	0.00232914128690077",0.006
"	0.00127114091966784",0.01
"	0.00084725097254590",0.014
"	0.00062036214260785",0.018
