RMSE,Reg
"	0.0056073890174728",0.02
"	0.00275049155339012",0.04
"	0.00179047246716249",0.06
"	0.001250566468685401",0.08
"	0.000975557544384099",0.1
"	0.000792828649328648",0.12
